[{"id":1,"name":"珠峰培训","phone":18310612838},{"id":2,"name":"KHPMZMAP","phone":"13778664717"},{"id":3,"name":"TCNVNHSM","phone":"11320539115"},{"id":4,"name":"RUERFSKF","phone":"13186687576"},{"id":5,"name":"WKODZMKY","phone":"11443734662"},{"id":6,"name":"MKELUKGO","phone":"11348777220"},{"id":7,"name":"RYZMXQDP","phone":"16564171486"},{"id":8,"name":"PNYSEZQX","phone":"15426559334"},{"id":9,"name":"YTQPIISX","phone":"11765278751"},{"id":10,"name":"ZTISMEXT","phone":"18487971725"},{"id":11,"name":"OMZENCWL","phone":"19843945247"},{"id":12,"name":"UZMLEDYK","phone":"16023568122"},{"id":13,"name":"ICXZGBNU","phone":"18355164614"},{"id":14,"name":"OKIFQAJK","phone":"10108008744"},{"id":15,"name":"RWKKEFWE","phone":"17453068942"},{"id":16,"name":"AGUQHORE","phone":"18935688106"},{"id":17,"name":"LTINEWQV","phone":"19747353528"},{"id":18,"name":"FXWFBWQG","phone":"11562703687"},{"id":19,"name":"JVONPSHK","phone":"18172027838"},{"id":20,"name":"NIVMEOJN","phone":"16137232316"},{"id":21,"name":"YMCEWNTD","phone":"18418618417"},{"id":22,"name":"LQFSAVRN","phone":"13692135572"},{"id":23,"name":"BTJUFZOP","phone":"14432536776"},{"id":24,"name":"BZVCCDDV","phone":"14527837155"},{"id":25,"name":"IRUCGTRT","phone":"17866026335"},{"id":26,"name":"NLWANJKR","phone":"13021458385"},{"id":27,"name":"WPQDZMJR","phone":"15951767577"},{"id":28,"name":"UOIVXEAN","phone":"14924344685"},{"id":29,"name":"XVFXHWSU","phone":"13555885922"},{"id":30,"name":"UBSKKTWB","phone":"11213332845"},{"id":31,"name":"HTFDNOQS","phone":"17707751217"},{"id":32,"name":"AKTQPLKQ","phone":"18856133011"},{"id":33,"name":"RQBUHIGH","phone":"15489058646"},{"id":34,"name":"WVKXYFNH","phone":"11730862871"},{"id":35,"name":"YPSLBRVR","phone":"19377381817"},{"id":36,"name":"MBGNCIQD","phone":"12823421881"},{"id":37,"name":"RTDSXYIX","phone":"10495843825"},{"id":38,"name":"SKLXNUWK","phone":"17396142849"},{"id":39,"name":"DURSJVOV","phone":"16846675720"},{"id":40,"name":"AJVQNQXK","phone":"16283871483"},{"id":41,"name":"HYBWDYWG","phone":"14705055742"},{"id":42,"name":"OWSOZCZB","phone":"16047744688"},{"id":43,"name":"FOCQKKFF","phone":"17722708641"},{"id":44,"name":"HTBGNBDM","phone":"11184425340"},{"id":45,"name":"IEUJJJFJ","phone":"17185829021"},{"id":46,"name":"RGZBIEQO","phone":"13617621604"},{"id":47,"name":"ASGQWHGS","phone":"14214854466"},{"id":48,"name":"FENLSPKV","phone":"19110236211"},{"id":49,"name":"BHSRWSNG","phone":"15558783151"},{"id":50,"name":"RNMEQCDA","phone":"16886342383"},{"id":51,"name":"MOQSYCDJ","phone":"14743454558"},{"id":52,"name":"GVYKIDKA","phone":"19027551676"},{"id":53,"name":"PBEFBVLP","phone":"11366387014"},{"id":54,"name":"HLSKYFNL","phone":"10514646275"},{"id":55,"name":"OJGXLPDE","phone":"13041600923"},{"id":56,"name":"UCRAFQHV","phone":"12717411656"},{"id":57,"name":"GOTIVZYM","phone":"15741471218"},{"id":58,"name":"EFUNGKTO","phone":"14264473315"},{"id":59,"name":"VNQBQOPL","phone":"12417283073"},{"id":60,"name":"JKQDPSGJ","phone":"18927873513"},{"id":61,"name":"KPBXFGKP","phone":"11186737867"},{"id":62,"name":"WMYUBUNW","phone":"17230978749"},{"id":63,"name":"WHVFCPRG","phone":"12637559212"},{"id":64,"name":"QBSDJLVC","phone":"15153639418"},{"id":65,"name":"WYEXQJTL","phone":"12568181363"},{"id":66,"name":"TXFWIFOO","phone":"15371804372"},{"id":67,"name":"HDQMBEPF","phone":"15137671834"},{"id":68,"name":"ETULTLCB","phone":"14468679322"},{"id":69,"name":"WEPGZUWW","phone":"16733241517"},{"id":70,"name":"WXNQIMPB","phone":"15122414627"},{"id":71,"name":"ZURLYDDD","phone":"19023731264"},{"id":72,"name":"KYXBJMKY","phone":"18644732654"},{"id":73,"name":"OETNJYPJ","phone":"13942444738"},{"id":74,"name":"NNQLXLJM","phone":"12282252891"},{"id":75,"name":"LLYEHNDV","phone":"13531665268"},{"id":76,"name":"LEESPKYC","phone":"16184842104"},{"id":77,"name":"KEGSQMMD","phone":"14058462556"},{"id":78,"name":"FDVUEWFJ","phone":"10425472524"},{"id":79,"name":"CNGZFXNI","phone":"15655139459"},{"id":80,"name":"ODDLEKEO","phone":"14826055824"},{"id":81,"name":"HJQRGPTQ","phone":"16929455615"},{"id":82,"name":"UZUQSZNE","phone":"18756682475"},{"id":83,"name":"UYDSMUWC","phone":"12874184772"},{"id":84,"name":"EDRSVMDM","phone":"16368532672"},{"id":85,"name":"KEGFJMFL","phone":"14961064668"},{"id":86,"name":"WNZDFPKT","phone":"11061285022"},{"id":87,"name":"GSNPQQRN","phone":"14658628438"},{"id":88,"name":"MYUHWNWC","phone":"11416551531"},{"id":89,"name":"QFBGNJOO","phone":"10968878337"},{"id":90,"name":"RRKGKYKP","phone":"15812166477"},{"id":91,"name":"VMXDSVQR","phone":"16566267775"},{"id":92,"name":"JVBNXYFP","phone":"19981471524"},{"id":93,"name":"KGWQGMTN","phone":"15546616832"},{"id":94,"name":"第一期在线框架","phone":"11011011011"}]